<?xml version="1.0" encoding="UTF-8"?>
<project-private xmlns="http://www.netbeans.org/ns/project-private/1">
    <editor-bookmarks xmlns="http://www.netbeans.org/ns/editor-bookmarks/2" lastBookmarkId="1">
        <file>
            <url>src/relacion1/Ventana.java</url>
            <bookmark id="1">
                <name/>
                <line>77</line>
                <key/>
            </bookmark>
        </file>
    </editor-bookmarks>
    <open-files xmlns="http://www.netbeans.org/ns/projectui-open-files/2">
        <group>
            <file>file:/G:/trabajo/EAG_2023/contenidos/AD/tema1/plantillas/ejercicios1234/empleados.txt</file>
        </group>
    </open-files>
</project-private>
